Name,Price,Seller_name,Seller_years,Seller_response_rate,Image,Link
Furniture Modern Luxury Modern R130-1 Yilin Furniture Wholesale Recliner Seats Modern Leather Home Theater Seating Luxury Movie Seats Electric Recliner,$236.00-$282.00,"Foshan Yilin Furniture Co., Ltd.",4 YRS,83.6%,,
High Performance Luxury Office Furniture Living Room Leather Sofas,$650.00-$815.00,"Shenzhen Stylefurniture Co., Ltd.",1 YRS,,https://img.alicdn.com/tfs/TB1S_7kkY5YBuNjSspoXXbeNFXa-700-700.jpg_350x350.jpg,https://www.alibaba.com/product-detail/High-Performance-Luxury-Office-Furniture-Living_1600087989685.html?s=p
Modern Furniture Wholesale Modern Home Furniture Folding Metal Frame Sofa Bed Mechanism,$42.00-$51.90,"Foshan Win Star Furniture Accessory Co., Limited",1 YRS,,https://img.alicdn.com/tfs/TB1S_7kkY5YBuNjSspoXXbeNFXa-700-700.jpg_350x350.jpg,https://www.alibaba.com/product-detail/Modern-Furniture-Wholesale-Modern-Home-Furniture_1600076681669.html?s=p
modern dining room furniture cheap gold stainless steel single sofa for dining room,$150.00-$300.00,"Foshan Shunde Chengchuandu Furniture Co., Ltd.",1 YRS,,https://img.alicdn.com/tfs/TB1S_7kkY5YBuNjSspoXXbeNFXa-700-700.jpg_350x350.jpg,https://www.alibaba.com/product-detail/modern-dining-room-furniture-cheap-gold_1600085013668.html?s=p
Modern design furniture wooden single seater sofa with arm,$37.50-$38.50,"Linyi Xiangrong Household Goods Co., Ltd.",2 YRS,84.6%,https://img.alicdn.com/tfs/TB1S_7kkY5YBuNjSspoXXbeNFXa-700-700.jpg_350x350.jpg,https://www.alibaba.com/product-detail/Modern-design-furniture-wooden-single-seater_62216666829.html?s=p
Luxury Modern Modern Luxury L Shape Genuine Leather Corner Sofa Modern Fashion Creative Combination Large Size Sofa Set,$15.00-$35.00,"Tongxiang Funny Homeware Co., Ltd.",4 YRS,94.3%,https://img.alicdn.com/tfs/TB1S_7kkY5YBuNjSspoXXbeNFXa-700-700.jpg_350x350.jpg,https://www.alibaba.com/product-detail/Luxury-Modern-Modern-Luxury-L-Shape_62591304069.html?s=p
Modern Luxury 3 2 Lounge Cheers Furniture Custom Sectional Multifunction Pu Recliner Sofa,$450.00-$550.00,"Shenzhen Mebon Furniture Co., Ltd.",6 YRS,90.7%,https://img.alicdn.com/tfs/TB1S_7kkY5YBuNjSspoXXbeNFXa-700-700.jpg_350x350.jpg,https://www.alibaba.com/product-detail/Modern-Luxury-3-2-Lounge-Cheers_62355334356.html
Laynsino Light luxury metal gold base Velvet living room furniture sofa,$298.00-$318.00,"Layn Sino Furniture Co., Ltd.",3 YRS,93.2%,https://img.alicdn.com/tfs/TB1S_7kkY5YBuNjSspoXXbeNFXa-700-700.jpg_350x350.jpg,https://www.alibaba.com/product-detail/Laynsino-Light-luxury-metal-gold-base_62449480969.html
Modern Furniture Living Room Luxury 7 Seater Set Designs Fabric Wooden Sofa,$465.00,"Ganzhou Xiucheng Furniture Co., Ltd.",1 YRS,,https://s.alicdn.com/@sc01/kf/H5812362c7f094b7792bb2c11a63bd8446.jpg_300x300.jpg,https://www.alibaba.com/product-detail/Modern-Furniture-Living-Room-Luxury-7_1600097023272.html
Modern Lounge Furniture Couch Beautiful Soft Sofa Luxury,$125.00-$300.00,"Ganzhou Junqi E-Commerce Co., Ltd.",3 YRS,98.5%,https://img.alicdn.com/tfs/TB1S_7kkY5YBuNjSspoXXbeNFXa-700-700.jpg_350x350.jpg,https://www.alibaba.com/product-detail/Modern-Lounge-Furniture-Couch-Beautiful-Soft_1600111834292.html
"china made furniture luxury fabric couch living room sofa, top quality luxury furniture sofa set 19019",$389.00-$419.00,"Shenzhen Redde Boo Furniture Co., Ltd.",8 YRS,94.9%,https://img.alicdn.com/tfs/TB1S_7kkY5YBuNjSspoXXbeNFXa-700-700.jpg_350x350.jpg,https://www.alibaba.com/product-detail/china-made-furniture-luxury-fabric-couch_701706269.html
Foot stool french-type furniture Italian modern sofa Luxury Have clasps for Home lobby,$229.00-$379.00,"Foshan Lanmi Furniture Co., Ltd.",1 YRS,98.8%,https://img.alicdn.com/tfs/TB1S_7kkY5YBuNjSspoXXbeNFXa-700-700.jpg_350x350.jpg,https://www.alibaba.com/product-detail/Foot-stool-french-type-furniture-Italian_1600060419489.html
Light luxury style italy design Living Room Modern Hotel Home Furniture Leisure Genuine Leather Sectional Combination Sofa,"$999.00-$1,509.00","Shenzhen Dedao Furniture Co., Ltd.",2 YRS,96.8%,https://img.alicdn.com/tfs/TB1S_7kkY5YBuNjSspoXXbeNFXa-700-700.jpg_350x350.jpg,https://www.alibaba.com/product-detail/Light-luxury-style-italy-design-Living_62142398431.html
2019 new modern real leather entry luxury sofa,$355.00,"Foshan Steelway Furniture Co., Ltd.",4 YRS,91.0%,https://img.alicdn.com/tfs/TB1S_7kkY5YBuNjSspoXXbeNFXa-700-700.jpg_350x350.jpg,https://www.alibaba.com/product-detail/2019-new-modern-real-leather-entry_62046651190.html
Luxury Modern Design Velvet Fabric Upholstered Living Room Sofa,$620.00-$955.00,"Foshan Lei Zi Furniture Co., Ltd.",2 YRS,,https://img.alicdn.com/tfs/TB1S_7kkY5YBuNjSspoXXbeNFXa-700-700.jpg_350x350.jpg,https://www.alibaba.com/product-detail/Luxury-Modern-Design-Velvet-Fabric-Upholstered_1600102668689.html
Customized wholesale living room luxury furniture sofa,$85.50,"Anji Baichen Home Co., Ltd.",2 YRS,,https://img.alicdn.com/tfs/TB1S_7kkY5YBuNjSspoXXbeNFXa-700-700.jpg_350x350.jpg,https://www.alibaba.com/product-detail/Customized-wholesale-living-room-luxury-furniture_62400792717.html
Customized modern luxury living room furniture guangzhou,"$800.00-$3,000.00","Fulilai Hotel Furniture Co., Ltd.",3 YRS,88.6%,https://s.alicdn.com/@sc01/kf/H6e4c0e35b3594a52af2a051564e1f8f1H.jpg_300x300.jpg,https://www.alibaba.com/product-detail/Customized-modern-luxury-living-room-furniture_62315388448.html
Nordic 100% italy leather genuine lounge l shape sofas set living room luxury corner furniture big sofa,"$963.00-$1,133.00","Foshan Dirani Design Furniture Co., Ltd.",2 YRS,91.9%,https://img.alicdn.com/tfs/TB1S_7kkY5YBuNjSspoXXbeNFXa-700-700.jpg_350x350.jpg,https://www.alibaba.com/product-detail/Nordic-100-italy-leather-genuine-lounge_62315335898.html
Luxury Sectional Italian Design Sofas Living Room Leather Modern Couch Sofa,"$899.00-$2,098.00",Cbmmart Limited,3 YRS,89.4%,https://img.alicdn.com/tfs/TB1S_7kkY5YBuNjSspoXXbeNFXa-700-700.jpg_350x350.jpg,https://www.alibaba.com/product-detail/Luxury-Sectional-Italian-Design-Sofas-Living_62371977905.html
Modern furniture leather couch living room luxury 5 seater sofa set,"$600.00-$3,000.00",Foshan Shunde Longjiang Nenghao Furniture Factory,3 YRS,100.0%,https://img.alicdn.com/tfs/TB1S_7kkY5YBuNjSspoXXbeNFXa-700-700.jpg_350x350.jpg,https://www.alibaba.com/product-detail/Modern-furniture-leather-couch-living-room_60756964284.html
Living Room Furniture Luxury Fabric Sofas Set Modern Sofa Three Seater 1017,$278.00-$280.00,"Foshan Shunde Cooc Furniture Industry Co., Ltd.",2 YRS,81.8%,https://img.alicdn.com/tfs/TB1S_7kkY5YBuNjSspoXXbeNFXa-700-700.jpg_350x350.jpg,https://www.alibaba.com/product-detail/Living-Room-Furniture-Luxury-Fabric-Sofas_62506857688.html
K&B wholesale modern Plywood velvet fabrics upholstered sofas living room furniture luxury sofa bed,$120.00-$132.00,"Ningbo K&B Home Products Imp&Exp Co., Ltd.",1 YRS,68.4%,https://img.alicdn.com/tfs/TB1S_7kkY5YBuNjSspoXXbeNFXa-700-700.jpg_350x350.jpg,https://www.alibaba.com/product-detail/K-B-wholesale-modern-Plywood-velvet_1700001751361.html
Italian Luxury Sofa Set Designs Living Room Furniture Sofas Modernos e luxuosos,"$1,106.00-$1,377.00","Zhejiang Cecco Furniture Co., Ltd.",1 YRS,100.0%,https://img.alicdn.com/tfs/TB1S_7kkY5YBuNjSspoXXbeNFXa-700-700.jpg_350x350.jpg,https://www.alibaba.com/product-detail/Italian-Luxury-Sofa-Set-Designs-Living_1600061162216.html
Modern luxury 5 star hotel living room furniture set fabric hotel sofa,$445.00-$450.00,"Foshan Feidao Furniture Co., Ltd.",2 YRS,,https://img.alicdn.com/tfs/TB1S_7kkY5YBuNjSspoXXbeNFXa-700-700.jpg_350x350.jpg,https://www.alibaba.com/product-detail/Modern-luxury-5-star-hotel-living_62229321942.html
Living room Sofa Leather Furniture Luxury Modern sofa Set,$255.00-$770.00,"Foshan Changming Wen Yi Furniture Co., Ltd.",2 YRS,91.7%,https://s.alicdn.com/@sc01/kf/H2cef3248aa984af6a30da1349e940e9aP.jpg_300x300.jpg,https://www.alibaba.com/product-detail/Living-room-Sofa-Leather-Furniture-Luxury_1600095702702.html
Nordic contracted light luxury special-shaped sofa modern designer beauty salon skin center reception curved sofa,$547.00-$763.00,"Foshan Sabeisimai Household Supplies Co., Limited",2 YRS,,https://img.alicdn.com/tfs/TB1S_7kkY5YBuNjSspoXXbeNFXa-700-700.jpg_350x350.jpg,https://www.alibaba.com/product-detail/Nordic-contracted-light-luxury-special-shaped_1600092186137.html
hotel bedroom furniture round curve sofa bed luxury appearance dubai used single double seat sofa bed for special use,$415.00-$445.00,"Shenzhen Dedao Furniture Co., Ltd.",2 YRS,96.8%,https://img.alicdn.com/tfs/TB1S_7kkY5YBuNjSspoXXbeNFXa-700-700.jpg_350x350.jpg,https://www.alibaba.com/product-detail/hotel-bedroom-furniture-round-curve-sofa_62184634234.html
Top Selling Personalized Luxury Living Room Furniture Sofa Set,"$800.00-$1,200.00","Foshan Bennz Furniture Co., Limited",5 YRS,91.4%,https://img.alicdn.com/tfs/TB1S_7kkY5YBuNjSspoXXbeNFXa-700-700.jpg_350x350.jpg,https://www.alibaba.com/product-detail/Top-Selling-Personalized-Luxury-Living-Room_60711618497.html
luxury classic contemporary sofa set living room furniture,$769.23-$876.92,"Guangzhou Biding Furniture Co., Ltd.",2 YRS,95.0%,https://img.alicdn.com/tfs/TB1S_7kkY5YBuNjSspoXXbeNFXa-700-700.jpg_350x350.jpg,https://www.alibaba.com/product-detail/luxury-classic-contemporary-sofa-set-living_62146574612.html
"Modern Design Latest Sofas, Sectionals U Shape Sofa Luxury Sofa Set Furniture",$400.00-$600.00,"Ganzhou Taopuwang Furniture Co., Ltd.",1 YRS,,https://img.alicdn.com/tfs/TB1S_7kkY5YBuNjSspoXXbeNFXa-700-700.jpg_350x350.jpg,https://www.alibaba.com/product-detail/Modern-Design-Latest-Sofas-Sectionals-U_1600092358236.html
333B chesterfield sofa genuine leather luxury living room furniture,"$150.00-$1,500.00","Foshan Jiujia Furniture Co., Ltd.",4 YRS,94.0%,https://img.alicdn.com/tfs/TB1S_7kkY5YBuNjSspoXXbeNFXa-700-700.jpg_350x350.jpg,https://www.alibaba.com/product-detail/333B-chesterfield-sofa-genuine-leather-luxury_60648901845.html
2019 Golden Sofa Furniture Living Room Luxury Exclusive European Style Velvet Sofa A833#,$580.00,"Foshan Golden Furniture Co., Ltd.",11 YRS,,https://img.alicdn.com/tfs/TB1S_7kkY5YBuNjSspoXXbeNFXa-700-700.jpg_350x350.jpg,https://www.alibaba.com/product-detail/2019-Golden-Sofa-Furniture-Living-Room_60467832783.html
Sofa Set Furniture Ins Luxury Modern Living Room Furniture Fabric Set Style Color Optional,$166.96-$386.34,"Shanghai Uwin International Trade Co., Ltd.",10 YRS,89.8%,https://s.alicdn.com/@sc01/kf/H8719837b54c2458b9b45adb4d7a7be52q.jpg_300x300.jpg,https://www.alibaba.com/product-detail/Sofa-Set-Furniture-Ins-Luxury-Modern_1600055352252.html
Factory wholesale couch living room sofa furniture modern nordic style fabric sofa set 7 seater Light luxury style italy design,"$899.00-$1,399.00","Foshan City Chuang An Furniture Co., Ltd.",1 YRS,,https://img.alicdn.com/tfs/TB1S_7kkY5YBuNjSspoXXbeNFXa-700-700.jpg_350x350.jpg,https://www.alibaba.com/product-detail/Factory-wholesale-couch-living-room-sofa_1600096720663.html
Fair Event Home Furniture Living Room Chesterfield Luxury Fabric Metal Leg Sofa,$680.00,"Foshan Lizz Furniture Import & Export Co., Ltd.",1 YRS,,https://img.alicdn.com/tfs/TB1S_7kkY5YBuNjSspoXXbeNFXa-700-700.jpg_350x350.jpg,https://www.alibaba.com/product-detail/Fair-Event-Home-Furniture-Living-Room_1600086275885.html
"Factory sale modern italian living room furniture leather sofa set, luxury 2 seater sofa set living room","$400.00-$3,000.00",Foshan Shunde Longjiang Nenghao Furniture Factory,3 YRS,100.0%,https://img.alicdn.com/tfs/TB1S_7kkY5YBuNjSspoXXbeNFXa-700-700.jpg_350x350.jpg,https://www.alibaba.com/product-detail/Factory-sale-modern-italian-living-room_60763869570.html
French Furniture Luxury Comfortable Modern Furniture,$250.00-$500.00,Foshan Xinyimei Group Company,10 YRS,92.8%,https://img.alicdn.com/tfs/TB1S_7kkY5YBuNjSspoXXbeNFXa-700-700.jpg_350x350.jpg,https://www.alibaba.com/product-detail/French-Furniture-Luxury-Comfortable-Modern-Furniture_1483448584.html
Luxury Home Nordic Modern Sectional Couch Furniture italy leather sofa for living room sofa,$342.00-$640.00,"Foshan Shunde Hao Yu Furniture Co., Ltd.",7 YRS,92.7%,https://img.alicdn.com/tfs/TB1S_7kkY5YBuNjSspoXXbeNFXa-700-700.jpg_350x350.jpg,https://www.alibaba.com/product-detail/Luxury-Home-Nordic-Modern-Sectional-Couch_1600102160738.html
wood luxury sofas set designs living room furniture modern sofa beds,$99.00-$999.00,"Shenzhen Prima Industry Co., Ltd.",1 YRS,90.9%,https://img.alicdn.com/tfs/TB1S_7kkY5YBuNjSspoXXbeNFXa-700-700.jpg_350x350.jpg,https://www.alibaba.com/product-detail/wood-luxury-sofas-set-designs-living_1700000629500.html
;Latest style luxury elegant wedding event stainless steel sofa set furniture,$165.00-$690.00,"Foshan Hardware Furniture Co., Ltd.",5 YRS,98.7%,https://img.alicdn.com/tfs/TB1S_7kkY5YBuNjSspoXXbeNFXa-700-700.jpg_350x350.jpg,https://www.alibaba.com/product-detail/-Latest-style-luxury-elegant-wedding_62501803620.html
Top Sale Luxury Living Room Furniture Leather Recliner Corner Sofa BRC-528,$360.00-$400.00,"ANJI BAIDA HOME SUPPLIES CO.,LTD",3 YRS,92.4%,https://s.alicdn.com/@sc01/kf/HLB1WVwXSW6qK1RjSZFmq6x0PFXah.jpg_300x300.jpg,https://www.alibaba.com/product-detail/Top-Sale-Luxury-Living-Room-Furniture_62095706783.html
furniture living room luxury sofa couches living room furniture sofa set leather couch living room sofa modern,"$2,305.00-$2,315.00","Foshan Chanwy Furniture Co., Ltd.",1 YRS,,https://img.alicdn.com/tfs/TB1S_7kkY5YBuNjSspoXXbeNFXa-700-700.jpg_350x350.jpg,https://www.alibaba.com/product-detail/furniture-living-room-luxury-sofa-couches_1600092322546.html
18 Years Factory Modern Design Luxury Furniture Fabric Sets Couch Living Room Sofas,$449.20-$463.00,"Shenzhen Xiaopin Furniture Co., Ltd.",1 YRS,96.5%,https://img.alicdn.com/tfs/TB1S_7kkY5YBuNjSspoXXbeNFXa-700-700.jpg_350x350.jpg,https://www.alibaba.com/product-detail/18-Years-Factory-Modern-Design-Luxury_1600071379480.html
Sofa Set Living Room Furniture Luxury New Modern Leather Dark Green Couches Top Zebra Chinese,"$3,000.00","Kaiping Xin Cheng Zhi Furniture Co., Ltd.",10 YRS,83.3%,https://img.alicdn.com/tfs/TB1S_7kkY5YBuNjSspoXXbeNFXa-700-700.jpg_350x350.jpg,https://www.alibaba.com/product-detail/Sofa-Set-Living-Room-Furniture-Luxury_1600086205653.html
High Quality living room sofas furniture green velvet sofa luxury,$460.00-$680.00,"Guangzhou Ningxin Furniture Co., Ltd.",6 YRS,87.5%,https://img.alicdn.com/tfs/TB1S_7kkY5YBuNjSspoXXbeNFXa-700-700.jpg_350x350.jpg,https://www.alibaba.com/product-detail/High-Quality-living-room-sofas-furniture_60422512302.html
Lobby of Dubai Garden Hotel custom OEM E-protection high-quality luxury modern sofa sets,$100.00-$325.00,Zhongshan Wellsure Industrial Limited,2 YRS,82.1%,https://img.alicdn.com/tfs/TB1S_7kkY5YBuNjSspoXXbeNFXa-700-700.jpg_350x350.jpg,https://www.alibaba.com/product-detail/Lobby-of-Dubai-Garden-Hotel-custom_62451636428.html
"Luxury living room furniture ,ergonomic living room furniture leather sofas South Africa",$90.00-$115.00,"Huizhou Bosenyu Furniture Co., Ltd.",7 YRS,86.6%,https://img.alicdn.com/tfs/TB1S_7kkY5YBuNjSspoXXbeNFXa-700-700.jpg_350x350.jpg,https://www.alibaba.com/product-detail/Luxury-living-room-furniture-ergonomic-living_60030982872.html
Reliable factory direct supply modern living room sofa furniture luxury,$289.00-$330.00,"Ganzhou Linkun Furniture Co., Ltd.",1 YRS,,https://img.alicdn.com/tfs/TB1S_7kkY5YBuNjSspoXXbeNFXa-700-700.jpg_350x350.jpg,https://www.alibaba.com/product-detail/Reliable-factory-direct-supply-modern-living_1600117896148.html
Deep color luxury leather sofa set design furniture living room sofa,"$1,500.00-$2,500.00","Guangzhou Hongdu Electronic Technology Co., Ltd.",4 YRS,58.6%,https://s.alicdn.com/@sc01/kf/HTB1KEdCXhDZL1JjSsphq6xUlVXaq.jpg_300x300.jpg,https://www.alibaba.com/product-detail/Deep-color-luxury-leather-sofa-set_60685959138.html
luxury modern wedding furniture fashion china velvet fabric sofa,$250.00-$300.00,"Foshan Xin Yu Furniture Co., Ltd.",9 YRS,69.2%,https://img.alicdn.com/tfs/TB1S_7kkY5YBuNjSspoXXbeNFXa-700-700.jpg_350x350.jpg,https://www.alibaba.com/product-detail/luxury-modern-wedding-furniture-fashion-china_62266351960.html
Manufacturers customize modern luxury furniture living room sofa,$96.00-$225.00,"Kuangyu Industrial (Shanghai) Co., Ltd.",7 YRS,77.9%,https://img.alicdn.com/tfs/TB1S_7kkY5YBuNjSspoXXbeNFXa-700-700.jpg_350x350.jpg,https://www.alibaba.com/product-detail/Manufacturers-customize-modern-luxury-furniture-living_62045388474.html
Sofa Set Living Room Furniture Recliner Couch Modern art Luxury fabric Style Time Color Material sectional sofa,$620.00-$700.00,"Shenzhen Shiquan Youpin Home Trading Co., Ltd.",4 YRS,97.1%,https://img.alicdn.com/tfs/TB1S_7kkY5YBuNjSspoXXbeNFXa-700-700.jpg_350x350.jpg,https://www.alibaba.com/product-detail/Sofa-Set-Living-Room-Furniture-Recliner_62593778458.html
living Room hotel Furniture luxury Modern 7 seat velvet Sectionals Sofas Set,$210.00-$270.00,"Zhongshan Yihui Trading Co., Ltd.",1 YRS,50.0%,https://img.alicdn.com/tfs/TB1S_7kkY5YBuNjSspoXXbeNFXa-700-700.jpg_350x350.jpg,https://www.alibaba.com/product-detail/living-Room-hotel-Furniture-luxury-Modern_1600105728786.html
Light luxury hotel furniture banquet artificial fluffy stainless steel with gold finish single sofa chair,$84.00-$89.00,"Langfang Yifeihuang Imports&Exports Co., Ltd.",2 YRS,97.3%,https://img.alicdn.com/tfs/TB1S_7kkY5YBuNjSspoXXbeNFXa-700-700.jpg_350x350.jpg,https://www.alibaba.com/product-detail/Light-luxury-hotel-furniture-banquet-artificial_1600087264104.html
OEM High End Luxury Modern Furniture Gold Finishing Frame Sofa Chair Table,$200.00-$300.00,"Greenstar Hardware Accessories (Shanghai) Co., Ltd.",2 YRS,100.0%,https://img.alicdn.com/tfs/TB1S_7kkY5YBuNjSspoXXbeNFXa-700-700.jpg_350x350.jpg,https://www.alibaba.com/product-detail/OEM-High-End-Luxury-Modern-Furniture_62418156423.html
Hot sell elegant leather luxury modern furniture SR034,$100.00-$205.00,"Foshan Shunde District Songran Furniture Manufacturing Co., Ltd.",11 YRS,66.7%,https://img.alicdn.com/tfs/TB1S_7kkY5YBuNjSspoXXbeNFXa-700-700.jpg_350x350.jpg,https://www.alibaba.com/product-detail/Hot-sell-elegant-leather-luxury-modern_1298868509.html
Luxury Royal Style Golden Silver sofa set furniture for Wedding,$500.00-$520.00,"Foshan Dominate Furniture Co., Ltd.",6 YRS,95.5%,https://s.alicdn.com/@sc01/kf/H12613583dcf6483dbb01de5892646a39P.jpg_300x300.jpg,https://www.alibaba.com/product-detail/Luxury-Royal-Style-Golden-Silver-sofa_62299923020.html
Living room latest luxury modern multi-function U shape 7 seater corner sectional high density sponge fabric sofa designs,$532.00-$756.00,"Ganzhou Nevan Furniture Co., Ltd.",1 YRS,,https://img.alicdn.com/tfs/TB1S_7kkY5YBuNjSspoXXbeNFXa-700-700.jpg_350x350.jpg,https://www.alibaba.com/product-detail/Living-room-latest-luxury-modern-multi_1600101169204.html
quality leather living room furniture / modern design wooden frame structure reclining chair,$100.00-$120.00,"Anji Uhome Furniture Co., Ltd.",10 YRS,69.2%,https://img.alicdn.com/tfs/TB1S_7kkY5YBuNjSspoXXbeNFXa-700-700.jpg_350x350.jpg,https://www.alibaba.com/product-detail/quality-leather-living-room-furniture-modern_629429193.html
Royal throne hotel banquet furniture gold frame event luxury leather sofa,$130.00-$190.00,"Foshan Hardware Furniture Co., Ltd.",7 YRS,95.9%,https://img.alicdn.com/tfs/TB1S_7kkY5YBuNjSspoXXbeNFXa-700-700.jpg_350x350.jpg,https://www.alibaba.com/product-detail/Royal-throne-hotel-banquet-furniture-gold_60628542647.html
Luxury living room furniture stainless steel leg PU leather sofa,$252.00-$257.00,"Guangzhou Puruo Furniture Co., Ltd.",4 YRS,89.7%,https://img.alicdn.com/tfs/TB1S_7kkY5YBuNjSspoXXbeNFXa-700-700.jpg_350x350.jpg,https://www.alibaba.com/product-detail/Luxury-living-room-furniture-stainless-steel_1600085171277.html
Living Room luxury furniture Sofas Divano letto 3 sector sofa set designs sofa set modern furniture,$250.00-$300.00,"Foshan Keyun Furniture Co., Ltd.",6 YRS,,https://img.alicdn.com/tfs/TB1S_7kkY5YBuNjSspoXXbeNFXa-700-700.jpg_350x350.jpg,https://www.alibaba.com/product-detail/Living-Room-luxury-furniture-Sofas-Divano_1600086330600.html
Luxury Latest Modern Home Furniture Glass Wooden Television Stand TV Cabinets Designs Living Room Furniture,$45.00-$80.00,"Bazhou Ruilong Furniture Co., Ltd.",8 YRS,91.7%,https://img.alicdn.com/tfs/TB1S_7kkY5YBuNjSspoXXbeNFXa-700-700.jpg_350x350.jpg,https://www.alibaba.com/product-detail/Luxury-Latest-Modern-Home-Furniture-Glass_749666666.html
Modern simple luxury fabric sofa single seat sofa for living room furniture,$70.00-$123.00,"Shandong Colmar Home Furnishing Co., Ltd.",1 YRS,100.0%,https://img.alicdn.com/tfs/TB1S_7kkY5YBuNjSspoXXbeNFXa-700-700.jpg_350x350.jpg,https://www.alibaba.com/product-detail/Modern-simple-luxury-fabric-sofa-single_1600063178296.html
Metal Dining Luxury Accent Chair Chaise Lounge Modern Arm Sofa Chair Home Furniture Living Room,$52.80-$62.00,"Zhejiang Shenglong Furniture Co., Ltd.",1 YRS,,https://s.alicdn.com/@sc01/kf/Hdd455a0cf5514d7fb1c7b1908e0b5e5ao.jpg_300x300.jpg,https://www.alibaba.com/product-detail/Metal-Dining-Luxury-Accent-Chair-Chaise_1600108422284.html
Modern living room sofa sectional set 7 seater luxury,$150.00-$290.00,"Haining Brother Furniture Co., Ltd.",4 YRS,70.9%,https://img.alicdn.com/tfs/TB1S_7kkY5YBuNjSspoXXbeNFXa-700-700.jpg_350x350.jpg,https://www.alibaba.com/product-detail/Modern-living-room-sofa-sectional-set_60675790266.html
"GENUINE LEATHER SOFA,FANCY MODERN RECLINER SOFA SET, LUXURY",$245.00-$255.00,"Dongguan Huachang Furniture Co., Ltd.",11 YRS,93.5%,https://img.alicdn.com/tfs/TB1S_7kkY5YBuNjSspoXXbeNFXa-700-700.jpg_350x350.jpg,https://www.alibaba.com/product-detail/GENUINE-LEATHER-SOFA-FANCY-MODERN-RECLINER_60479811867.html
Industrial sectional classic corner genuine pu furniture lounge luxury hotel lobby set designs office leather sofa,$69.00-$139.00,"Guangdong Hongye Shengda Furniture Co., Ltd.",6 YRS,96.6%,https://img.alicdn.com/tfs/TB1S_7kkY5YBuNjSspoXXbeNFXa-700-700.jpg_350x350.jpg,https://www.alibaba.com/product-detail/Industrial-sectional-classic-corner-genuine-pu_62161514857.html
Sofa Set Living Room Furniture Recliner Couch Modern Luxury Fabric Style Time Color Material OEM Sofa,$321.00-$357.00,"Dongguan Jiayuan Home Furnishing Co., Ltd.",1 YRS,,https://img.alicdn.com/tfs/TB1S_7kkY5YBuNjSspoXXbeNFXa-700-700.jpg_350x350.jpg,https://www.alibaba.com/product-detail/Sofa-Set-Living-Room-Furniture-Recliner_1600051634230.html
Modern luxury exclusive Velvet Caprichosa Sofa,$76.50,"Bazhou Xingguang Furniture Co., Ltd.",14 YRS,75.0%,https://img.alicdn.com/tfs/TB1S_7kkY5YBuNjSspoXXbeNFXa-700-700.jpg_350x350.jpg,https://www.alibaba.com/product-detail/Modern-luxury-exclusive-Velvet-Caprichosa-Sofa_62551260063.html
wholesale new design luxury American style living room furniture modern genuine leather sectional sofa set 1 2 3 seaters,$272.00-$962.00,"Quzhou Chichen Furniture Co., Ltd.",4 YRS,,https://img.alicdn.com/tfs/TB1S_7kkY5YBuNjSspoXXbeNFXa-700-700.jpg_350x350.jpg,https://www.alibaba.com/product-detail/wholesale-new-design-luxury-American-style_60588955091.html
Deep color luxury leather sofa set design furniture living room sofa,"$1,500.00-$2,500.00","Guangzhou Hongdu Electronic Technology Co., Ltd.",4 YRS,61.1%,https://img.alicdn.com/tfs/TB1S_7kkY5YBuNjSspoXXbeNFXa-700-700.jpg_350x350.jpg,https://www.alibaba.com/product-detail/Deep-color-luxury-leather-sofa-set_60685959138.html
modern hoem furniture luxury fabric sofa living room three seater sofa,$190.00-$280.00,Semsioglu Mobilya Sanayi Ve Ticaret Limited Sirketi,1 YRS,97.0%,https://s.alicdn.com/@sc01/kf/UTB8iHuhCiaMiuJk43PTq6ySmXXaA.jpg_300x300.jpg,https://www.alibaba.com/product-detail/modern-hoem-furniture-luxury-fabric-sofa_50037355528.html
beige luxury sofa sets luxury chaise lounge modern sofa set design lounge,"$980.00-$1,980.00","Foshan Czun Furniture Co., Ltd.",1 YRS,,https://img.alicdn.com/tfs/TB1S_7kkY5YBuNjSspoXXbeNFXa-700-700.jpg_350x350.jpg,https://www.alibaba.com/product-detail/beige-luxury-sofa-sets-luxury-chaise_1600076946860.html
Chesterfield Sofa Living Room Classical Modern Furniture upholstery sofa Fabric Luxurious Elegant 3+2+1,$269.00-$279.00,"Dongguan Mei Yi Furniture Co., Ltd.",1 YRS,,https://img.alicdn.com/tfs/TB1S_7kkY5YBuNjSspoXXbeNFXa-700-700.jpg_350x350.jpg,https://www.alibaba.com/product-detail/Chesterfield-Sofa-Living-Room-Classical-Modern_1600075278437.html
New fashion face sofa Luxury living room sofa furniture gold stainless steel frame long modern leather sofa for sale GD-SF01,$190.00-$339.00,"Foshan Gude Furniture Co., Ltd.",2 YRS,88.3%,https://img.alicdn.com/tfs/TB1S_7kkY5YBuNjSspoXXbeNFXa-700-700.jpg_350x350.jpg,https://www.alibaba.com/product-detail/New-fashion-face-sofa-Luxury-living_62376245444.html
Italian Luxury Modern Furniture Green Velvet Upholstery Caracciolo Sofa,$380.00-$600.00,"Foshan Tiange Furniture Co., Ltd.",4 YRS,76.6%,https://img.alicdn.com/tfs/TB1S_7kkY5YBuNjSspoXXbeNFXa-700-700.jpg_350x350.jpg,https://www.alibaba.com/product-detail/Italian-Luxury-Modern-Furniture-Green-Velvet_1600074533216.html
"Luxury home dining table set, modern dining table and chair(B51054)",$400.00-$800.00,"Zhaoqing Bisini Furniture And Decoration Co., Ltd.",11 YRS,88.0%,https://img.alicdn.com/tfs/TB1S_7kkY5YBuNjSspoXXbeNFXa-700-700.jpg_350x350.jpg,https://www.alibaba.com/product-detail/Luxury-home-dining-table-set-modern_914728461.html
SAWA Home furniture Modern luxurious recliner sofa for gray,$435.92-$476.65,Guangzhou Sawa Hotel Furniture Ltd.,3 YRS,97.0%,https://img.alicdn.com/tfs/TB1S_7kkY5YBuNjSspoXXbeNFXa-700-700.jpg_350x350.jpg,https://www.alibaba.com/product-detail/SAWA-Home-furniture-Modern-luxurious-recliner_1600054620105.html
New Modern 1+2+3 Seater Luxury Home Furniture Living Room Sofas Set,$172.99-$178.99,"Huzhou Yaxin Crafts Co., Ltd.",1 YRS,37.5%,https://img.alicdn.com/tfs/TB1S_7kkY5YBuNjSspoXXbeNFXa-700-700.jpg_350x350.jpg,https://www.alibaba.com/product-detail/New-Modern-1-2-3-Seater_1600103656825.html
Hot Sale Luxury Stainless Steel Sofa Sets Living Room Furniture,"$1,620.00-$1,699.00","Foshan City Xinqing Furniture Co., Ltd.",7 YRS,79.5%,https://s.alicdn.com/@sc01/kf/HTB1G54_jnmWBKNjSZFBq6xxUFXaX.jpg_300x300.jpg,https://www.alibaba.com/product-detail/Hot-Sale-Luxury-Stainless-Steel-Sofa_60264370009.html
Hot sell luxury living room bedroom furniture light gray corner sofa,$220.00-$240.00,"Foshan Chanwy Furniture Co., Ltd.",3 YRS,95.5%,https://img.alicdn.com/tfs/TB1S_7kkY5YBuNjSspoXXbeNFXa-700-700.jpg_350x350.jpg,https://www.alibaba.com/product-detail/Hot-sell-luxury-living-room-bedroom_62249829698.html
Cheap Cost Hot Sale luxury modern single,$85.00-$100.00,"Anji Yibo Furniture Co., Ltd.",6 YRS,90.3%,https://img.alicdn.com/tfs/TB1S_7kkY5YBuNjSspoXXbeNFXa-700-700.jpg_350x350.jpg,https://www.alibaba.com/product-detail/Cheap-Cost-Hot-Sale-luxury-modern_62173721185.html
Luxury Home Sofa Set Living Room Furniture Modern,$129.99-$219.99,"Hangzhou Yolanda Import & Export Co., Ltd.",3 YRS,95.5%,https://img.alicdn.com/tfs/TB1S_7kkY5YBuNjSspoXXbeNFXa-700-700.jpg_350x350.jpg,https://www.alibaba.com/product-detail/Luxury-Home-Sofa-Set-Living-Room_62518901086.html
2018 New Design Home furniture living room luxury leather Manual Recliner Sofa Buy Lazy Boy Recliner Chair,$86.00-$99.00,"Anji Xinyue Furniture Co., Ltd.",3 YRS,76.5%,https://img.alicdn.com/tfs/TB1S_7kkY5YBuNjSspoXXbeNFXa-700-700.jpg_350x350.jpg,https://www.alibaba.com/product-detail/2018-New-Design-Home-furniture-living_60721555509.html
Europe style Elegant and generous Living room furniture luxury modern fabric sofa set,$1.00-$600.00,"Guangzhou Trulene Import And Export Co., Ltd.",14 YRS,72.0%,https://img.alicdn.com/tfs/TB1S_7kkY5YBuNjSspoXXbeNFXa-700-700.jpg_350x350.jpg,https://www.alibaba.com/product-detail/Europe-style-Elegant-and-generous-Living_1869978623.html
Popular Luxury Living Room Furniture Nordic Modern Design Velvet Sofa,$97.00-$115.00,"Kingpower International Trading Co., Ltd.",3 YRS,95.7%,https://img.alicdn.com/tfs/TB1S_7kkY5YBuNjSspoXXbeNFXa-700-700.jpg_350x350.jpg,https://www.alibaba.com/product-detail/Popular-Luxury-Living-Room-Furniture-Nordic_1600052728539.html
luxury classic furniture sofa set,"$800.00-$1,000.00","Dongguan Goodwin Furniture Co., Ltd.",7 YRS,79.0%,https://img.alicdn.com/tfs/TB1S_7kkY5YBuNjSspoXXbeNFXa-700-700.jpg_350x350.jpg,https://www.alibaba.com/product-detail/luxury-classic-furniture-sofa-set_1916339927.html
Living Room Sofa Furniture Modern Living Room Fabric Sofa set,$109.90-$120.30,"Xiamen Mi Zhi Network Technology Co., Ltd.",3 YRS,93.6%,https://s.alicdn.com/@sc01/kf/Hac51d9a0498b415ab705d4f3d9a56c98H.jpg_300x300.jpg,https://www.alibaba.com/product-detail/Living-Room-Sofa-Furniture-Modern-Living_1600105072102.html
2020 new modern leather sofa design furniture living room sofa set home use functional use latest design sofa furniture,"$1,200.00-$1,300.00","Sichuan Yusheng Industrail Co., Ltd.",2 YRS,,https://img.alicdn.com/tfs/TB1S_7kkY5YBuNjSspoXXbeNFXa-700-700.jpg_350x350.jpg,https://www.alibaba.com/product-detail/2020-new-modern-leather-sofa-design_62521875142.html
Luxury Genuine Leather Couch Living Room Feet Modern Sofa Set,$800.00-$900.00,"Hangzhou Pinfan Home Decoration Engineering Co., Ltd.",3 YRS,50.0%,https://img.alicdn.com/tfs/TB1S_7kkY5YBuNjSspoXXbeNFXa-700-700.jpg_350x350.jpg,https://www.alibaba.com/product-detail/Luxury-Genuine-Leather-Couch-Living-Room_62342066710.html
Living Room Furniture Modern sofa European Style,$160.00,"Foshan City Xingsheng Furniture Co., Ltd.",1 YRS,,https://img.alicdn.com/tfs/TB1S_7kkY5YBuNjSspoXXbeNFXa-700-700.jpg_350x350.jpg,https://www.alibaba.com/product-detail/Living-Room-Furniture-Modern-sofa-European_1600063799315.html
Luxury European Furniture Modern French Cheap Living Room Furniture Bedroom Single Seater Sofa,$80.00,"Zhejiang Miracle Import And Export Co., Ltd.",10 YRS,50.0%,https://img.alicdn.com/tfs/TB1S_7kkY5YBuNjSspoXXbeNFXa-700-700.jpg_350x350.jpg,https://www.alibaba.com/product-detail/Luxury-European-Furniture-Modern-French-Cheap_62537800926.html
Hot selling modern minimalist cloth living room sectional furniture sofa wooden sofa design,$35.50-$37.70,"Caoxian Green Valley Wood Art Co., Ltd.",1 YRS,,https://img.alicdn.com/tfs/TB1S_7kkY5YBuNjSspoXXbeNFXa-700-700.jpg_350x350.jpg,https://www.alibaba.com/product-detail/Hot-selling-modern-minimalist-cloth-living_62557339238.html
2 seat zebra wooden leather sofa furniture modern living room,"$1,600.00-$1,649.00","Shenzhen Muyouguanxi Supply Chain Management Co., Ltd.",1 YRS,17.2%,https://img.alicdn.com/tfs/TB1S_7kkY5YBuNjSspoXXbeNFXa-700-700.jpg_350x350.jpg,https://www.alibaba.com/product-detail/2-seat-zebra-wooden-leather-sofa_62420530071.html
Set Furniture Modern Leather Funiture Home Living Room Recliner Sofa,$275.20,Dongguan Yangtao Industrial Limited,4 YRS,27.3%,https://img.alicdn.com/tfs/TB1S_7kkY5YBuNjSspoXXbeNFXa-700-700.jpg_350x350.jpg,https://www.alibaba.com/product-detail/Set-Furniture-Modern-Leather-Funiture-Home_62217375047.html
Modern Style Living Room Furniture Couch Corner Sofa Luxury L Shaped Sofa,"$100.00-$1,000.00","Foshan Ekar Furniture Co., Ltd.",4 YRS,94.6%,https://s.alicdn.com/@sc01/kf/H141b07d3dc6b4347a7078db50a5424e5a.jpg_300x300.jpg,https://www.alibaba.com/product-detail/Modern-Style-Living-Room-Furniture-Couch_62509766887.html
Real Leather Luxury Living Room Furniture Sofa Set With Massage Rotating Chair,"$1,579.00-$1,999.00",Cbmmart Limited,3 YRS,88.9%,https://img.alicdn.com/tfs/TB1S_7kkY5YBuNjSspoXXbeNFXa-700-700.jpg_350x350.jpg,https://www.alibaba.com/product-detail/Real-Leather-Luxury-Living-Room-Furniture_62239168995.html
Modern Rose Gold Stainless Steel Luxury Sofa Sets Living Room Furniture Fabric Sofa,$455.00-$500.00,"Shenzhen Oxford International Trading Co., Ltd.",3 YRS,98.4%,https://img.alicdn.com/tfs/TB1S_7kkY5YBuNjSspoXXbeNFXa-700-700.jpg_350x350.jpg,https://www.alibaba.com/product-detail/Modern-Rose-Gold-Stainless-Steel-Luxury_62035509775.html
Stainless steel modern luxury European style leather sofa,"$850.30-$1,050.60","Foshan Yexuan Furniture Manufacture Co., Ltd.",4 YRS,97.3%,https://img.alicdn.com/tfs/TB1S_7kkY5YBuNjSspoXXbeNFXa-700-700.jpg_350x350.jpg,https://www.alibaba.com/product-detail/Stainless-steel-modern-luxury-European-style_60817921108.html
100% top grain elephant couch modern l shape luxury latest leather living room furniture sofa set design for 2018,$113.33-$231.62,Foshan Esun Furniture Company Limited,7 YRS,91.5%,https://img.alicdn.com/tfs/TB1S_7kkY5YBuNjSspoXXbeNFXa-700-700.jpg_350x350.jpg,https://www.alibaba.com/product-detail/100-top-grain-elephant-couch-modern_60805157341.html
Luxury Design Home Furniture 1+2+3 Leather sofa set Sectional Living room sofa,$298.00-$425.00,"Foshan Shunde Beno Furniture Co., Limited",4 YRS,93.7%,https://img.alicdn.com/tfs/TB1S_7kkY5YBuNjSspoXXbeNFXa-700-700.jpg_350x350.jpg,https://www.alibaba.com/product-detail/Luxury-Design-Home-Furniture-1-2_62228878167.html
2020 Luxury Design Living Room Furniture Pink Velvet Fabric Upholstery Sofa 3 Seat Sofa with Brass Leg,$315.00-$364.00,"Dongguan Huatianyu Furniture Co., Ltd.",5 YRS,96.7%,https://img.alicdn.com/tfs/TB1S_7kkY5YBuNjSspoXXbeNFXa-700-700.jpg_350x350.jpg,https://www.alibaba.com/product-detail/2020-Luxury-Design-Living-Room-Furniture_62560538923.html
furniture living room luxury italian blue velvet chesterfield contemporary sectional living room home sofa designs modern,"$450.00-$1,150.00","Foshan Yaai Furniture Co., Ltd.",4 YRS,92.8%,https://img.alicdn.com/tfs/TB1S_7kkY5YBuNjSspoXXbeNFXa-700-700.jpg_350x350.jpg,https://www.alibaba.com/product-detail/furniture-living-room-luxury-italian-blue_62378239681.html
modern home furniture luxury leather material set living room sofa,"$735.00-$1,000.00","TLS(Shenzhen)Co.,Ltd",3 YRS,69.7%,https://s.alicdn.com/@sc01/kf/Hb157b8e75f004c29988adcda0d0aa850Z.jpg_300x300.jpg,https://www.alibaba.com/product-detail/modern-home-furniture-luxury-leather-material_60808149873.html
Modern Lounge Furniture Couch Beautiful Soft Sofa Luxury,$125.00-$300.00,"Ganzhou Junqi E-Commerce Co., Ltd.",3 YRS,98.5%,https://img.alicdn.com/tfs/TB1S_7kkY5YBuNjSspoXXbeNFXa-700-700.jpg_350x350.jpg,https://www.alibaba.com/product-detail/Modern-Lounge-Furniture-Couch-Beautiful-Soft_1600111834292.html
Hotel Lounge Mirrored Stainless Steel Golden Base Modern Italian Style Luxury Leather Single Sofa,$221.45-$342.56,Henan Defaico Import & Export Company Limited,2 YRS,97.8%,https://img.alicdn.com/tfs/TB1S_7kkY5YBuNjSspoXXbeNFXa-700-700.jpg_350x350.jpg,https://www.alibaba.com/product-detail/Hotel-Lounge-Mirrored-Stainless-Steel-Golden_62226969724.html
Modern luxury diamond napa leather living room home furniture l shaped 2020 elegant designs corner lounge sectional sofa set,"$2,362.00-$3,153.00","Heshan Guozheng Furniture Sponge Co., Ltd.",1 YRS,88.9%,https://img.alicdn.com/tfs/TB1S_7kkY5YBuNjSspoXXbeNFXa-700-700.jpg_350x350.jpg,https://www.alibaba.com/product-detail/Modern-luxury-diamond-napa-leather-living_62565984435.html
"Professionally customized luxury furniture set living room, luxury living room furniture","$200.00-$3,000.00","Guangzhou Pinxisi Houseware Co., Ltd.",3 YRS,55.8%,https://img.alicdn.com/tfs/TB1S_7kkY5YBuNjSspoXXbeNFXa-700-700.jpg_350x350.jpg,https://www.alibaba.com/product-detail/Professionally-customized-luxury-furniture-set-living_60782042830.html
Luxury italy life used style living room modern furniture sofa set,"$888.00-$1,100.00","Foshan Ruiya Furniture Co., Ltd.",1 YRS,94.2%,https://img.alicdn.com/tfs/TB1S_7kkY5YBuNjSspoXXbeNFXa-700-700.jpg_350x350.jpg,https://www.alibaba.com/product-detail/Luxury-italy-life-used-style-living_62520605208.html
"Classic Furniture Living Room Sofa Set L Shape, Furniture Design Modern Luxury Sofa",$285.00-$325.00,"Hangzhou Prime Home Co., Ltd.",5 YRS,96.4%,https://img.alicdn.com/tfs/TB1S_7kkY5YBuNjSspoXXbeNFXa-700-700.jpg_350x350.jpg,https://www.alibaba.com/product-detail/Classic-Furniture-Living-Room-Sofa-Set_60489981449.html
Italian Luxury Home Furniture Modern Sofa Set Green Velvet Three Seats Sofa With Love-shape Back Sweet Fabric Sectional Sofa Set,"$100.00-$5,000.00","Foshan Dinghui Home Technology Co., Ltd.",2 YRS,,https://img.alicdn.com/tfs/TB1S_7kkY5YBuNjSspoXXbeNFXa-700-700.jpg_350x350.jpg,https://www.alibaba.com/product-detail/Italian-Luxury-Home-Furniture-Modern-Sofa_62353051731.html
15 years factory modern design luxury furniture natural leather sets couch living room sofas 2020,"$337.00-$1,076.00","Foshan Lanmi Furniture Co., Ltd.",1 YRS,98.8%,https://s.alicdn.com/@sc01/kf/H9e485b1e2e1847029009828a87040e1ad.jpg_300x300.jpg,https://www.alibaba.com/product-detail/15-years-factory-modern-design-luxury_1600106791148.html
Luxury Home Furniture Sectional Solid Walnut Sofa Set With Feathered Cushion For Living Room,"$2,565.00-$3,193.00","Zhejiang Cecco Furniture Co., Ltd.",1 YRS,100.0%,https://img.alicdn.com/tfs/TB1S_7kkY5YBuNjSspoXXbeNFXa-700-700.jpg_350x350.jpg,https://www.alibaba.com/product-detail/Luxury-Home-Furniture-Sectional-Solid-Walnut_62520787701.html
Luxury Sofa Sets For Living Room Modern Home Furniture,$50.00,"Foshan City Global Chuanghong Trade Co., Ltd.",6 YRS,77.0%,https://img.alicdn.com/tfs/TB1S_7kkY5YBuNjSspoXXbeNFXa-700-700.jpg_350x350.jpg,https://www.alibaba.com/product-detail/Luxury-Sofa-Sets-For-Living-Room_1600061856956.html
China modern Luxury Velvet Tufted jute abric living room furniture sofa,$400.00-$410.00,"Changzhou Opera Furniture Co., Ltd.",1 YRS,55.6%,https://img.alicdn.com/tfs/TB1S_7kkY5YBuNjSspoXXbeNFXa-700-700.jpg_350x350.jpg,https://www.alibaba.com/product-detail/China-modern-Luxury-Velvet-Tufted-jute_1600106104906.html
YASITE Designer Italian Modern Luxury Leather Furniture Living Room Sofas Set,$159.00-$183.00,"Chengdu Artist Furniture Co., Ltd.",1 YRS,97.8%,https://img.alicdn.com/tfs/TB1S_7kkY5YBuNjSspoXXbeNFXa-700-700.jpg_350x350.jpg,https://www.alibaba.com/product-detail/YASITE-Designer-Italian-Modern-Luxury-Leather_1600094791616.html
Modern leather living room sets luxury designs sofa furniture,$280.00-$600.00,"Foshan Yexuan Furniture Manufacture Co., Ltd.",1 YRS,97.7%,https://img.alicdn.com/tfs/TB1S_7kkY5YBuNjSspoXXbeNFXa-700-700.jpg_350x350.jpg,https://www.alibaba.com/product-detail/Modern-leather-living-room-sets-luxury_62489906489.html
F1830 High end sofa customized factory Foshan luxury Italian beige full genuine leather living room sofa couch accept paypal,"$1,500.00-$2,500.00","Foshan Momoda Furnishing Trade Co., Ltd.",6 YRS,89.6%,https://img.alicdn.com/tfs/TB1S_7kkY5YBuNjSspoXXbeNFXa-700-700.jpg_350x350.jpg,https://www.alibaba.com/product-detail/F1830-High-end-sofa-customized-factory_60522501334.html
Post- Modern Luxury Leather Sofa Set Home Hotel Lobby Sectional Sofa Living Room Furniture,$565.00,"Foshan Zizaiwang Furniture Co., Ltd.",3 YRS,,https://img.alicdn.com/tfs/TB1S_7kkY5YBuNjSspoXXbeNFXa-700-700.jpg_350x350.jpg,https://www.alibaba.com/product-detail/Post-Modern-Luxury-Leather-Sofa-Set_1600091630154.html
;Latest style luxury elegant wedding event stainless steel sofa set furniture,$165.00-$690.00,"Foshan Hardware Furniture Co., Ltd.",5 YRS,98.7%,https://s.alicdn.com/@sc01/kf/Hb5afeb59f74b44f79f755c0668f3eb8ae.jpg_300x300.jpg,https://www.alibaba.com/product-detail/-Latest-style-luxury-elegant-wedding_62501803620.html
Chinese factory manufacturer new style two seater sofa modern luxury furniture living room sofa,$269.00-$299.00,"Foshan Nanhai District Zhouchu Trading Co., Ltd.",2 YRS,89.6%,https://img.alicdn.com/tfs/TB1S_7kkY5YBuNjSspoXXbeNFXa-700-700.jpg_350x350.jpg,https://www.alibaba.com/product-detail/Chinese-factory-manufacturer-new-style-two_62335560185.html
Foshan furniture leather living room sofas italy design luxury leather sofa,"$1,800.00","Foshan Lanshi Trading Co., Ltd.",2 YRS,57.1%,https://img.alicdn.com/tfs/TB1S_7kkY5YBuNjSspoXXbeNFXa-700-700.jpg_350x350.jpg,https://www.alibaba.com/product-detail/Foshan-furniture-leather-living-room-sofas_62143133473.html
black 7 seater sofa set high furniture genuine leather stainless steel recliner modern royal luxury italian fabric pictures,$217.00,"Bazhou Jiuhao Furniture Co., Ltd.",1 YRS,98.3%,https://img.alicdn.com/tfs/TB1S_7kkY5YBuNjSspoXXbeNFXa-700-700.jpg_350x350.jpg,https://www.alibaba.com/product-detail/black-7-seater-sofa-set-high_1700000493025.html
Good Quality Luxury Sofal Shaped Set wooden Sofa Set Classic Italian Sofa Furniture,$400.00-$660.00,"Taizhou Qianjia Trading Co., Ltd.",1 YRS,94.2%,https://img.alicdn.com/tfs/TB1S_7kkY5YBuNjSspoXXbeNFXa-700-700.jpg_350x350.jpg,https://www.alibaba.com/product-detail/Good-Quality-Luxury-Sofal-Shaped-Set_62448309962.html
Modern Sofas Room Sofa Chair Sets Furnitures Luxury Living Room Sofa With Wooden Leg,$298.00-$395.00,"Jiangxi Xiao Fang Furniture Co., Ltd.",1 YRS,100.0%,https://img.alicdn.com/tfs/TB1S_7kkY5YBuNjSspoXXbeNFXa-700-700.jpg_350x350.jpg,https://www.alibaba.com/product-detail/Modern-Sofas-Room-Sofa-Chair-Sets_1600097869498.html
Modern luxury balcony bedroom furniture leisure single size sofa,$135.00-$282.00,"Foshan Lei Zi Furniture Co., Ltd.",2 YRS,,https://img.alicdn.com/tfs/TB1S_7kkY5YBuNjSspoXXbeNFXa-700-700.jpg_350x350.jpg,https://www.alibaba.com/product-detail/Modern-luxury-balcony-bedroom-furniture-leisure_1600110366238.html
New Luxury Cloud Sofa 3 2 1 Seater modern modular furniture lounge feather filling couch Living Room linen slipcover Sofas sets,$360.00,"Dongguan UBI Furniture Co., Ltd.",6 YRS,,https://img.alicdn.com/tfs/TB1S_7kkY5YBuNjSspoXXbeNFXa-700-700.jpg_350x350.jpg,https://www.alibaba.com/product-detail/New-Luxury-Cloud-Sofa-3-2_62136881334.html
European Hotel Vintage Luxury Leather Sofa Living room furniture modern genuine leather sofa 2 seater Sectional Tan Brown Sofa,$0.01-$0.02,FOX INTERNATIONAL,1 YRS,,https://s.alicdn.com/@sc01/kf/H6da7f1f473ce4a39a7280a39a4374df2j.jpg_300x300.jpg,https://www.alibaba.com/product-detail/European-Hotel-Vintage-Luxury-Leather-Sofa_62469953096.html
"Bisini Luxury and old styles wooden sofa, living room furniture (BF07-80055)","$900.00-$1,600.00","Zhaoqing Bisini Furniture And Decoration Co., Ltd.",8 YRS,92.9%,https://img.alicdn.com/tfs/TB1S_7kkY5YBuNjSspoXXbeNFXa-700-700.jpg_350x350.jpg,https://www.alibaba.com/product-detail/Bisini-Luxury-and-old-styles-wooden_1073480081.html
Hot Sales Solid Wood Furniture Modern Living Room Sofa Set 5 Seaters Luxury Italian Style,$796.00-$887.00,"Foshan Mingde Furniture Co., Ltd.",1 YRS,,https://img.alicdn.com/tfs/TB1S_7kkY5YBuNjSspoXXbeNFXa-700-700.jpg_350x350.jpg,https://www.alibaba.com/product-detail/Hot-Sales-Solid-Wood-Furniture-Modern_62520439550.html
18 Years Factory Modern Design Luxury Furniture Fabric Sets Couch Living Room Sofas,$449.20-$463.00,"Shenzhen Xiaopin Furniture Co., Ltd.",1 YRS,96.5%,https://img.alicdn.com/tfs/TB1S_7kkY5YBuNjSspoXXbeNFXa-700-700.jpg_350x350.jpg,https://www.alibaba.com/product-detail/18-Years-Factory-Modern-Design-Luxury_1600071379480.html
Luxury Factory Supplying Cheap Sectionals Modern Furniter Designs Leather Sofa Set Office Furniture,$82.00-$100.00,"Dongguan Yes Furniture Co., Ld.",1 YRS,,https://img.alicdn.com/tfs/TB1S_7kkY5YBuNjSspoXXbeNFXa-700-700.jpg_350x350.jpg,https://www.alibaba.com/product-detail/Luxury-Factory-Supplying-Cheap-Sectionals-Modern_1600078402456.html
Hot Sale Fancy New Model 7 Seater Genuine Leather Sofa Living Room Furniture,$730.00-$800.00,"Shenzhen Prima Industry Co., Ltd.",2 YRS,90.5%,https://img.alicdn.com/tfs/TB1S_7kkY5YBuNjSspoXXbeNFXa-700-700.jpg_350x350.jpg,https://www.alibaba.com/product-detail/Hot-Sale-Fancy-New-Model-7_62450407997.html
French Style Design Wooden Frame Accent Chair Luxury Hotel Lounge Modern Armchair,$56.00-$59.00,"Anji Tunuo Home Furnishing Co., Ltd.",7 YRS,94.0%,https://img.alicdn.com/tfs/TB1S_7kkY5YBuNjSspoXXbeNFXa-700-700.jpg_350x350.jpg,https://www.alibaba.com/product-detail/French-Style-Design-Wooden-Frame-Accent_60087956111.html
ZUOYOU luxury furniture genuine leather sofa modern leather sofa set for living room 5001,$628.00-$780.00,"Shenzhen Zuoyou Houseware Sales Co., Ltd.",2 YRS,3.6%,https://img.alicdn.com/tfs/TB1S_7kkY5YBuNjSspoXXbeNFXa-700-700.jpg_350x350.jpg,https://www.alibaba.com/product-detail/ZUOYOU-luxury-furniture-genuine-leather-sofa_62169363120.html
"Furniture Living Room Sofa Luxury , Royal Navy Gray Sofa Modern",$77.00-$87.00,"Dongguan City Gusi Industry Co., Ltd.",5 YRS,14.6%,https://s.alicdn.com/@sc01/kf/HLB1XXChU3DqK1RjSZSyq6yxEVXaT.jpg_300x300.jpg,https://www.alibaba.com/product-detail/Furniture-Living-Room-Sofa-Luxury-Royal_60679421737.html
Black Glass American Modern Luxury Cheap Wooden Metal Frame LCD TV Stand Living Room Furniture TV Cabinets,$30.00-$80.00,"Bazhou Ruilong Furniture Co., Ltd.",8 YRS,91.7%,https://img.alicdn.com/tfs/TB1S_7kkY5YBuNjSspoXXbeNFXa-700-700.jpg_350x350.jpg,https://www.alibaba.com/product-detail/Black-Glass-American-Modern-Luxury-Cheap_1520157394.html
Single new modern living room furniture fabric sofa set design chair luxury living room sofa French white wooden furniture,$15.00-$25.00,"Tianjin Innovation International Trade Co., Ltd.",2 YRS,90.2%,https://img.alicdn.com/tfs/TB1S_7kkY5YBuNjSspoXXbeNFXa-700-700.jpg_350x350.jpg,https://www.alibaba.com/product-detail/Single-new-modern-living-room-furniture_62038920169.html
Japanese style sleeping sofa design sofas living room modern 1900 liansheng furniture guangdong sectional sofa luxury,$300.00-$650.00,"Foshan Liansheng Furniture Co., Ltd.",5 YRS,40.8%,https://img.alicdn.com/tfs/TB1S_7kkY5YBuNjSspoXXbeNFXa-700-700.jpg_350x350.jpg,https://www.alibaba.com/product-detail/Japanese-style-sleeping-sofa-design-sofas_60529785502.html
2019 reclining chair with latest style luxury bed set massage chair comforter Modern Sofa Set Living Room Furniture GN5361,$180.00-$200.00,Foshan Nanhai Jiujiang Xiongpai Furniture Factory,2 YRS,71.4%,https://img.alicdn.com/tfs/TB1S_7kkY5YBuNjSspoXXbeNFXa-700-700.jpg_350x350.jpg,https://www.alibaba.com/product-detail/2019-reclining-chair-with-latest-style_62551678269.html
Hot Sale Luxury Foshan Sofa Furniture,$320.00-$582.00,Foshan Xinyimei Group Company,10 YRS,92.7%,https://img.alicdn.com/tfs/TB1S_7kkY5YBuNjSspoXXbeNFXa-700-700.jpg_350x350.jpg,https://www.alibaba.com/product-detail/Hot-Sale-Luxury-Foshan-Sofa-Furniture_1357458879.html
recliner massage chair cum bed modern nordic velvet luxury cover couch living room set sofa,$100.00-$419.00,"Suzhou Yuqi Furniture Co., Ltd.",2 YRS,92.9%,https://img.alicdn.com/tfs/TB1S_7kkY5YBuNjSspoXXbeNFXa-700-700.jpg_350x350.jpg,https://www.alibaba.com/product-detail/recliner-massage-chair-cum-bed-modern_62228757717.html
Stainless Steel Gold Furniture Luxury Modern Fabric Single Linen Sofa,$268.00-$288.00,"Maikaisi Intl. Trade (Dalian) Co., Ltd.",5 YRS,88.2%,https://img.alicdn.com/tfs/TB1S_7kkY5YBuNjSspoXXbeNFXa-700-700.jpg_350x350.jpg,https://www.alibaba.com/product-detail/Stainless-Steel-Gold-Furniture-Luxury-Modern_1600113482801.html
modern living room furniture / luxury reclining chair/geniune leather renliner chair,$30.00-$50.00,"Anji Uhome Furniture Co., Ltd.",10 YRS,75.0%,https://s.alicdn.com/@sc01/kf/HTB1IxKXFr9YBuNjy0Fgq6AxcXXau.jpg_300x300.jpg,https://www.alibaba.com/product-detail/modern-living-room-furniture-luxury-reclining_629450193.html
Stainless Steel Elegant Sofa Modern Design Modern Single Seater Sofa Chair Armchair Set Modern Home Furniture Living Room Sofas,$110.00-$130.00,"Foshan Santo Decoration Furniture Co., Ltd.",3 YRS,91.4%,https://img.alicdn.com/tfs/TB1S_7kkY5YBuNjSspoXXbeNFXa-700-700.jpg_350x350.jpg,https://www.alibaba.com/product-detail/Stainless-Steel-Elegant-Sofa-Modern-Design_62564059518.html
Furniture of Suncheling living room sofa modern Fashion Classic Vincent leather sofa for living room furniture 3 seater sofa,$558.90-$689.40,"Dongguan Suncheling Ingenious Wood Products Co., Ltd.",1 YRS,,https://img.alicdn.com/tfs/TB1S_7kkY5YBuNjSspoXXbeNFXa-700-700.jpg_350x350.jpg,https://www.alibaba.com/product-detail/Furniture-of-Suncheling-living-room-sofa_62395630011.html
Rosewood sofa software furniture solid wood chaise sofa modern Chinese living room combination mahogany furniture,"$2,000.00-$2,400.00","Shenzhen Dongtudatan E-Business Co., Ltd.",1 YRS,,https://img.alicdn.com/tfs/TB1S_7kkY5YBuNjSspoXXbeNFXa-700-700.jpg_350x350.jpg,https://www.alibaba.com/product-detail/Rosewood-sofa-software-furniture-solid-wood_62407588951.html
Single modern sofa chair furniture Multi luxury Functional recliner Living room furniture Office sofa recliner,$120.00-$135.00,"Guangzhou WIMI Capsule Bed Technology Co., Ltd.",1 YRS,,https://img.alicdn.com/tfs/TB1S_7kkY5YBuNjSspoXXbeNFXa-700-700.jpg_350x350.jpg,https://www.alibaba.com/product-detail/Single-modern-sofa-chair-furniture-Multi_1600116631841.html
Guangzhou manufacturer furniture sofa living room corner sofa modern,"$698.00-$2,988.00","Guangzhou V-Done Showcase Co., Ltd.",2 YRS,93.3%,https://img.alicdn.com/tfs/TB1S_7kkY5YBuNjSspoXXbeNFXa-700-700.jpg_350x350.jpg,https://www.alibaba.com/product-detail/Guangzhou-manufacturer-furniture-sofa-living-room_62588460284.html
Home furniture stainless steel frame sofa set velvet sofa modern living room sofas SF003,$160.00-$190.00,"Foshan Xuanzhen Furniture Co., Ltd.",1 YRS,94.3%,https://img.alicdn.com/tfs/TB1S_7kkY5YBuNjSspoXXbeNFXa-700-700.jpg_350x350.jpg,https://www.alibaba.com/product-detail/Home-furniture-stainless-steel-frame-sofa_62456412649.html
comfortable fabric 4 seater nordic style wooden sofa chaise longue modern furniture living room,$568.00-$651.00,"Shenzhen Muyouguanxi Supply Chain Management Co., Ltd.",1 YRS,15.6%,https://img.alicdn.com/tfs/TB1S_7kkY5YBuNjSspoXXbeNFXa-700-700.jpg_350x350.jpg,https://www.alibaba.com/product-detail/comfortable-fabric-4-seater-nordic-style_62439552729.html
Attractive design living room furniture luxury classic green chesterfield 6 3 seater genuine leather sofas set three,"$1,939.50-$2,155.00","Ningbo Lanlinco Furniture Co., Ltd.",2 YRS,96.0%,https://s.alicdn.com/@sc01/kf/H7c1d42740e304453ad0189a4d9ee6eeaE.jpg_300x300.jpg,https://www.alibaba.com/product-detail/Attractive-design-living-room-furniture-luxury_62379161497.html
Italian Stainless steel light luxury sofa Sectional Upscale living room furniture Genuine Leather sofa set Modern artistic,$245.00-$990.00,"Foshan Riyuehe Furniture Co., Ltd.",2 YRS,95.9%,https://img.alicdn.com/tfs/TB1S_7kkY5YBuNjSspoXXbeNFXa-700-700.jpg_350x350.jpg,https://www.alibaba.com/product-detail/Italian-Stainless-steel-light-luxury-sofa_62592715410.html
Modern Luxury Cheap down cushion home furniture Living Room Grey wooden Frame sectional 5 seater L shape Sofa and recliner Set,$212.40-$266.40,"Ganzhou Hebai Wood Products Co., Ltd.",2 YRS,92.3%,https://img.alicdn.com/tfs/TB1S_7kkY5YBuNjSspoXXbeNFXa-700-700.jpg_350x350.jpg,https://www.alibaba.com/product-detail/Modern-Luxury-Cheap-down-cushion-home_62524912998.html
Luxury champagne golden modern antique European style sofa sets,"$4,859.10-$5,031.00","Foshan Procare Furniture Co., Ltd.",7 YRS,94.2%,https://img.alicdn.com/tfs/TB1S_7kkY5YBuNjSspoXXbeNFXa-700-700.jpg_350x350.jpg,https://www.alibaba.com/product-detail/Luxury-champagne-golden-modern-antique-European_62321640714.html
Modern home small sofa bed furniture luxury sofa living room furniture,$42.90,Dongguan Love Home Houseware Limited,1 YRS,94.7%,https://img.alicdn.com/tfs/TB1S_7kkY5YBuNjSspoXXbeNFXa-700-700.jpg_350x350.jpg,https://www.alibaba.com/product-detail/Modern-home-small-sofa-bed-furniture_62543285531.html
Newest trends luxury corner sofa furniture,"$1,250.00-$2,100.00","Foshan City Shunde District Daylight Furniture Co., Ltd.",5 YRS,87.4%,https://img.alicdn.com/tfs/TB1S_7kkY5YBuNjSspoXXbeNFXa-700-700.jpg_350x350.jpg,https://www.alibaba.com/product-detail/Newest-trends-luxury-corner-sofa-furniture_60833113739.html
U Shaped Contemporary Luxury Italian Modern Sectional Sofa,"$500.00-$2,497.00","Foshan Ekar Furniture Co., Ltd.",4 YRS,94.6%,https://img.alicdn.com/tfs/TB1S_7kkY5YBuNjSspoXXbeNFXa-700-700.jpg_350x350.jpg,https://www.alibaba.com/product-detail/U-Shaped-Contemporary-Luxury-Italian-Modern_62562225948.html
button tufted chesterfield living room luxury sofas modern leather chesterfield sofa set designs,"$2,350.00-$6,360.00","Foshan Dirani Design Furniture Co., Ltd.",2 YRS,92.4%,https://img.alicdn.com/tfs/TB1S_7kkY5YBuNjSspoXXbeNFXa-700-700.jpg_350x350.jpg,https://www.alibaba.com/product-detail/button-tufted-chesterfield-living-room-luxury_62274720224.html
